,practice_name,regqt
0,UNIDENTIFIED DOCTORS,8
1,UNIDENTIFIED DOCTORS,8
2,UNIDENTIFIED DOCTORS,8
3,VILLAGE SURGERY,7
4,VILLAGE SURGERY,7
5,VILLAGE SURGERY,7
6,HIGH STREET SURGERY,6
7,HIGH STREET SURGERY,6
8,HIGH STREET SURGERY,6
9,CENTRAL SURGERY,5
10,CENTRAL SURGERY,5
11,TRINITY MEDICAL CENTRE,5
12,RIVERSIDE SURGERY,5
13,RIVERSIDE SURGERY,5
14,RIVERSIDE SURGERY,5
15,TRINITY MEDICAL CENTRE,5
16,TRINITY MEDICAL CENTRE,5
17,COMMUNITY DERMATOLOGY SERVICE,5
18,CENTRAL SURGERY,5
19,THE VILLAGE SURGERY,4
20,PARK MEDICAL CENTRE,4
21,PARK LANE SURGERY,4
22,PARK LANE SURGERY,4
23,PARK MEDICAL CENTRE,4
24,KINGSWAY SURGERY,4
25,KINGSWAY SURGERY,4
26,COMMUNITY ENT SERVICE,4
27,ORCHARD SURGERY,4
28,COMMUNITY DERMATOLOGY SERVICE,4
29,ORCHARD SURGERY,4
30,BIRCHWOOD MEDICAL PRACTICE,4
31,COMMUNITY ENT SERVICE,4
32,COMMUNITY DERMATOLOGY SERVICE,4
33,HIGHFIELD SURGERY,4
34,BIRCHWOOD MEDICAL PRACTICE,4
35,PARK MEDICAL CENTRE,4
36,HIGHFIELD SURGERY,4
37,WOODLANDS SURGERY,4
38,HIGHFIELD SURGERY,4
39,BIRCHWOOD MEDICAL PRACTICE,4
40,PARK LANE SURGERY,4
41,WOODLANDS SURGERY,4
42,COMMUNITY ENT SERVICE,4
43,THE VILLAGE SURGERY,4
44,ORCHARD SURGERY,4
45,THE VILLAGE SURGERY,4
46,KINGSWAY SURGERY,4
47,WOODLANDS SURGERY,4
48,ASHCROFT SURGERY,3
49,VICTORIA ROAD SURGERY,3
50,THE NEW SURGERY,3
51,ST ANDREWS MEDICAL CENTRE,3
52,ABBEY MEDICAL CENTRE,3
53,HILLCREST SURGERY,3
54,PARKSIDE MEDICAL CENTRE,3
55,OAKFIELD SURGERY,3
56,URGENT TREATMENT CENTRE,3
57,COMMUNITY DIABETES SERVICE,3
58,WOODLANDS MEDICAL PRACTICE,3
59,ST ANDREWS MEDICAL CENTRE,3
60,ORCHARD MEDICAL PRACTICE,3
61,KINGSWOOD SURGERY,3
62,PARK SURGERY,3
63,GROVE SURGERY,3
64,THE AVENUE SURGERY,3
65,CHURCH VIEW SURGERY,3
66,WHITE HOUSE SURGERY,3
67,PARKSIDE MEDICAL CENTRE,3
68,THE GRANGE MEDICAL CENTRE,3
69,STATION ROAD SURGERY,3
70,KINGSWOOD SURGERY,3
71,PARK SURGERY,3
72,THE LIMES MEDICAL CENTRE,3
73,PALLIATIVE CARE SERVICE,3
74,PARK VIEW SURGERY,3
75,WOODLANDS MEDICAL PRACTICE,3
76,ADULT ADHD SERVICE,3
77,HILLCREST SURGERY,3
78,ORCHARD MEDICAL PRACTICE,3
79,RICHMOND MEDICAL CENTRE,3
80,SPRINGFIELD SURGERY,3
81,PRIORY MEDICAL CENTRE,3
82,RICHMOND MEDICAL CENTRE,3
83,THE GRANGE MEDICAL CENTRE,3
84,URGENT TREATMENT CENTRE,3
85,SPRINGFIELD SURGERY,3
86,ADULT ADHD SERVICE,3
87,VICTORIA MEDICAL CENTRE,3
88,ST ALBANS MEDICAL CENTRE,3
89,THE AVENUE SURGERY,3
90,LIME TREE SURGERY,3
91,THE NEW SURGERY,3
92,GROVE MEDICAL CENTRE,3
93,BROADWAY MEDICAL CENTRE,3
94,QUEENS ROAD SURGERY,3
95,THE GRANGE MEDICAL CENTRE,3
96,ST MARY'S SURGERY,3
97,PALLIATIVE CARE SERVICE,3
98,COMMUNITY DIABETES SERVICE,3
99,CENTRAL MEDICAL CENTRE,3
100,ST MARY'S SURGERY,3
101,ASHCROFT SURGERY,3
102,CHURCH LANE SURGERY,3
103,THE VILLAGE MEDICAL CENTRE,3
104,LIME TREE SURGERY,3
105,VICTORIA ROAD SURGERY,3
106,PRIORY MEDICAL CENTRE,3
107,VICTORIA MEDICAL CENTRE,3
108,THE SURGERY,3
109,GROVE HOUSE SURGERY,3
110,MANOR ROAD SURGERY,3
111,THE VILLAGE MEDICAL CENTRE,3
112,GROVE MEDICAL CENTRE,3
113,CHURCH LANE SURGERY,3
114,ABBEY MEDICAL CENTRE,3
115,PARK VIEW SURGERY,3
116,GROVE HOUSE SURGERY,3
117,THE LIMES MEDICAL CENTRE,3
118,BROADWAY MEDICAL CENTRE,3
119,ORCHARD MEDICAL PRACTICE,3
120,WOODLANDS MEDICAL PRACTICE,3
121,ABBEY MEDICAL CENTRE,3
122,PARKSIDE MEDICAL CENTRE,3
123,THE NEW SURGERY,3
124,ST MARY'S SURGERY,3
125,HILLCREST SURGERY,3
126,ASHCROFT SURGERY,3
127,CHURCH VIEW SURGERY,3
128,KINGSWOOD SURGERY,3
129,PARK SURGERY,3
130,OAKFIELD SURGERY,3
131,WHITE HOUSE SURGERY,3
132,THE VILLAGE MEDICAL CENTRE,3
133,COMMUNITY DIABETES SERVICE,3
134,CHURCH LANE SURGERY,3
135,STATION ROAD SURGERY,3
136,GROVE SURGERY,3
137,THE SURGERY,3
138,PALLIATIVE CARE SERVICE,3
139,VICTORIA MEDICAL CENTRE,3
140,CHURCH VIEW SURGERY,3
141,THE LIMES MEDICAL CENTRE,3
142,GROVE HOUSE SURGERY,3
143,STATION ROAD SURGERY,3
144,VICTORIA ROAD SURGERY,3
145,GROVE SURGERY,3
146,ST ANDREWS MEDICAL CENTRE,3
147,PARK VIEW SURGERY,3
148,GROVE MEDICAL CENTRE,3
149,THE SURGERY,3
150,RICHMOND MEDICAL CENTRE,3
151,ST ALBANS MEDICAL CENTRE,3
152,THE AVENUE SURGERY,3
153,LIME TREE SURGERY,3
154,MANOR ROAD SURGERY,3
155,QUEENS ROAD SURGERY,3
156,CENTRAL MEDICAL CENTRE,3
157,QUEENS ROAD SURGERY,3
158,ST ALBANS MEDICAL CENTRE,3
159,CENTRAL MEDICAL CENTRE,3
160,URGENT TREATMENT CENTRE,3
161,WHITE HOUSE SURGERY,3
162,MANOR ROAD SURGERY,3
163,BROADWAY MEDICAL CENTRE,3
164,OAKFIELD SURGERY,3
165,ADULT ADHD SERVICE,3
166,PRIORY MEDICAL CENTRE,3
167,SPRINGFIELD SURGERY,3
168,MOAT HOUSE SURGERY,2
169,ST.MARY'S SURGERY,2
170,WELLS HEALTH CENTRE,2
171,WOODSIDE MEDICAL CENTRE,2
172,ABBEY ROAD SURGERY,2
173,GROVE ROAD SURGERY,2
174,DALTON SURGERY,2
175,CHURCH STREET PRACTICE,2
176,THE MEDICAL CENTRE,2
177,WINDMILL SURGERY,2
178,GROVELANDS MEDICAL CENTRE,2
179,HOLLAND PARK SURGERY,2
180,WELLS HEALTH CENTRE,2
181,PARKSIDE SURGERY,2
182,THE VILLAGE PRACTICE,2
183,NORWOOD MEDICAL CENTRE,2
184,FAMILY SURGERY,2
185,THE LAKES MEDICAL PRACTICE,2
186,THE CROFT SURGERY,2
187,ADELAIDE MEDICAL CENTRE,2
188,SPRINGFIELD MEDICAL CENTRE,2
189,THE AVENUE MEDICAL CENTRE,2
190,HIGH STREET MEDICAL CENTRE,2
191,MANSION HOUSE SURGERY,2
192,HILLVIEW MEDICAL CENTRE,2
193,BRIDGE STREET SURGERY,2
194,LINCOLN HOUSE SURGERY,2
195,THE BIRCHES MEDICAL CENTRE,2
196,MARKET CROSS SURGERY,2
197,WATERSIDE MEDICAL CENTRE,2
198,FAIRFIELD SURGERY,2
199,SPA MEDICAL CENTRE,2
200,PARKFIELD MEDICAL CENTRE,2
201,MANOR HOUSE SURGERY,2
202,ST THOMAS ROAD SURGERY,2
203,CORNERWAYS SURGERY,2
204,LISTER HOUSE SURGERY,2
205,THE PARK MEDICAL PRACTICE,2
206,PARKSIDE SURGERY,2
207,COMMUNITY PAEDIATRIC SERVICE,2
208,PARKGATE SURGERY,2
209,NEW HALL HOSPITAL,2
210,SANDY LANE SURGERY,2
211,HEALTH VISITORS,2
212,PINFOLD MEDICAL PRACTICE,2
213,QUEENSWAY MEDICAL CENTRE,2
214,WATERSIDE MEDICAL CENTRE,2
215,WOODSIDE MEDICAL CENTRE,2
216,THE CEDARS SURGERY,2
217,ST LUKE'S HOSPICE,2
218,THE GROVE MEDICAL PRACTICE,2
219,NORTHGATE MEDICAL CENTRE,2
220,GROVE MEDICAL PRACTICE,2
221,FAIRFIELD SURGERY,2
222,UNIVERSITY HEALTH CENTRE,2
223,ST GEORGES MEDICAL CENTRE,2
224,THE MEADOWS SURGERY,2
225,ST PETER'S SURGERY,2
226,WESTGATE SURGERY,2
227,HOLLIES MEDICAL CENTRE,2
228,MANOR MEDICAL PRACTICE,2
229,MAYFIELD MEDICAL CENTRE,2
230,CLARENDON MEDICAL CENTRE,2
231,MELROSE SURGERY,2
232,URGENT CARE CENTRE,2
233,THE ELMS PRACTICE,2
234,ASHFIELD MEDICAL CENTRE,2
235,WEST END SURGERY,2
236,MARKET CROSS SURGERY,2
237,CORNERWAYS MEDICAL CENTRE,2
238,PALLIATIVE CARE,2
239,ST LUKE'S HOSPICE,2
240,BELMONT MEDICAL CENTRE,2
241,HOLLIES MEDICAL CENTRE,2
242,HAZELDENE MEDICAL CENTRE,2
243,ASHVILLE SURGERY,2
244,BELGRAVE MEDICAL CENTRE,2
245,THE PARK MEDICAL PRACTICE,2
246,GREENFIELD MEDICAL CENTRE,2
247,THE PARK MEDICAL CENTRE,2
248,NEWTON MEDICAL CENTRE,2
249,WOODLANDS HEALTH CENTRE,2
250,MINOR INJURIES UNIT,2
251,EATING DISORDERS,2
252,ADULT COMMUNITY NURSING,2
253,UNIVERSITY MEDICAL CENTRE,2
254,PARK LANE PRACTICE,2
255,ST.JAMES SURGERY,2
256,PRIMROSE SURGERY,2
257,PARKVIEW SURGERY,2
258,WEST END SURGERY,2
259,ST LUKES HOSPICE,2
260,CENTRAL PARK SURGERY,2
261,THE LAKES MEDICAL PRACTICE,2
262,WEST VIEW SURGERY,2
263,TALBOT MEDICAL CENTRE,2
264,PALLIATIVE CARE,2
265,WESTFIELD SURGERY,2
266,SOUTHEND TREATMENT AND RECOVERY SERVICE,2
267,MANCHESTER ROAD SURGERY,2
268,WESTBOURNE MEDICAL CENTRE,2
269,OAKWOOD SURGERY,2
270,RIVERSIDE MEDICAL PRACTICE,2
271,THE GROVE MEDICAL PRACTICE,2
272,MARKET SURGERY,2
273,NORWOOD MEDICAL CENTRE,2
274,CONWAY MEDICAL CENTRE,2
275,PRIORY SURGERY,2
276,THE WELLSPRING SURGERY,2
277,CAMHS,2
278,WESTBURY MEDICAL CENTRE,2
279,THE MANOR PRACTICE,2
280,COMMUNITY PAEDIATRIC SERVICE,2
281,WALTON MEDICAL CENTRE,2
282,SPA MEDICAL CENTRE,2
283,THE ELMS PRACTICE,2
284,GREENGATE MEDICAL CENTRE,2
285,LINCOLN HOUSE SURGERY,2
286,RIVERSDALE SURGERY,2
287,SANDY LANE SURGERY,2
288,THE RIDGEWAY SURGERY,2
289,LISTER HOUSE SURGERY,2
290,ELM TREE SURGERY,2
291,MELROSE SURGERY,2
292,THE MEDICAL CENTRE,2
293,FIRSTCARE PRACTICE,2
294,GREEN LANE SURGERY,2
295,OAKLANDS SURGERY,2
296,QUAYSIDE MEDICAL PRACTICE,2
297,THE JUNCTION SURGERY,2
298,YORK ROAD SURGERY,2
299,THE ELMS MEDICAL CENTRE,2
300,JUBILEE MEDICAL CENTRE,2
301,LINKS MEDICAL PRACTICE,2
302,LAUREL BANK SURGERY,2
303,ST MICHAELS HOSPICE,2
304,MANSION HOUSE SURGERY,2
305,DALTON SURGERY,2
306,RIVERSIDE MEDICAL CENTRE,2
307,COMMUNITY SERVICES,2
308,KING STREET MEDICAL CENTRE,2
309,ABBEY ROAD SURGERY,2
310,PARKGATE SURGERY,2
311,QUEENSWAY MEDICAL CENTRE,2
312,COMMUNITY HEART FAILURE TEAM,2
313,THE CROFT SURGERY,2
314,KINGS MEDICAL CENTRE,2
315,THE FOREST PRACTICE,2
316,MAYFIELD SURGERY,2
317,PRACTICE PLUS GROUP OOH,2
318,NEW HALL HOSPITAL,2
319,WESTBURY MEDICAL CENTRE,2
320,THE MEADOWS SURGERY,2
321,HEALTH VISITORS,2
322,COMMUNITY RESPIRATORY SERVICE,2
323,DAWN CLINIC,2
324,QUEEN'S MEDICAL CENTRE,2
325,ADELAIDE STREET SURGERY,2
326,CHAPEL STREET SURGERY,2
327,PINFOLD MEDICAL PRACTICE,2
328,THE FAMILY PRACTICE,2
329,TRINITY HOSPICE,2
330,THE GROVE MEDICAL CENTRE,2
331,NEW ROAD SURGERY,2
332,HILLVIEW MEDICAL CENTRE,2
333,WINDMILL SURGERY,2
334,MOAT HOUSE SURGERY,2
335,HAMPTON MEDICAL CENTRE,2
336,WILLOW TREE SURGERY,2
337,WELLINGTON ROAD SURGERY,2
338,PARK GREEN SURGERY,2
339,INTERMEDIATE CARE,2
340,CITY HEALTH CENTRE,2
341,CITY ROAD MEDICAL CENTRE,2
342,GROVE ROAD SURGERY,2
343,CHURCH ROAD SURGERY,2
344,PARK MEDICAL PRACTICE,2
345,HEART FAILURE COMMUNITY SERVICE,2
346,THE VILLAGE PRACTICE,2
347,DERMATOLOGY SERVICE,2
348,ADELAIDE MEDICAL CENTRE,2
349,BALDWINS LANE SURGERY,2
350,PARKFIELD MEDICAL CENTRE,2
351,CROFT MEDICAL CENTRE,2
352,URGENT CARE CENTRE,2
353,CORNERWAYS MEDICAL CENTRE,2
354,FAIRFIELD MEDICAL CENTRE,2
355,BEECHWOOD MEDICAL CENTRE,2
356,NEWBRIDGE SURGERY,2
357,THE OLD SCHOOL SURGERY,2
358,NEW COURT SURGERY,2
359,OLD FIRE STATION SURGERY,2
360,THE OAKS MEDICAL CENTRE,2
361,UNITY HEALTH,2
362,OAKWOOD MEDICAL CENTRE,2
363,GROVELANDS MEDICAL CENTRE,2
364,ST THOMAS ROAD SURGERY,2
365,GLADSTONE HOUSE SURGERY,2
366,QUEENS PARK HEALTH CENTRE,2
367,CROWN STREET SURGERY,2
368,THE PARK SURGERY,2
369,BEECHWOOD SURGERY,2
370,COMMUNITY PAEDIATRICIANS,2
371,PARK VIEW MEDICAL CENTRE,2
372,GROVE MEDICAL PRACTICE,2
373,THE BIRCHES MEDICAL CENTRE,2
374,MILL ROAD SURGERY,2
375,HANDSWORTH MEDICAL PRACTICE,2
376,OAKLANDS HEALTH CENTRE,2
377,BROMPTON MEDICAL CENTRE,2
378,CHURCH STREET PRACTICE,2
379,CITY ROAD MEDICAL CENTRE,2
380,PARK LANE PRACTICE,2
381,OAKWOOD MEDICAL CENTRE,2
382,BEECHWOOD SURGERY,2
383,RIVERSIDE MEDICAL PRACTICE,2
384,CORNERWAYS SURGERY,2
385,MINOR INJURIES UNIT,2
386,MAYFIELD MEDICAL CENTRE,2
387,ADELAIDE STREET SURGERY,2
388,OAKLANDS SURGERY,2
389,CHAPEL STREET SURGERY,2
390,TISSUE VIABILITY,2
391,COMMUNITY PAEDIATRIC SERVICE,2
392,GREEN LANE SURGERY,2
393,CENTRAL PARK SURGERY,2
394,ST.JAMES SURGERY,2
395,MILL ROAD SURGERY,2
396,PRACTICE PLUS GROUP OOH,2
397,OAKLANDS HEALTH CENTRE,2
398,WOODLANDS HEALTH CENTRE,2
399,ST PETER'S SURGERY,2
400,WESTGATE SURGERY,2
401,SPRINGFIELD MEDICAL CENTRE,2
402,WESTBOURNE MEDICAL CENTRE,2
403,TEES VALLEY HOSPITAL,2
404,ELM TREE SURGERY,2
405,GLADSTONE HOUSE SURGERY,2
406,KINGS MEDICAL CENTRE,2
407,PARK LANE PRACTICE,2
408,GREENGATE MEDICAL CENTRE,2
409,COMMUNITY SERVICES,2
410,OLD FIRE STATION SURGERY,2
411,KING STREET MEDICAL CENTRE,2
412,NEW ROAD SURGERY,2
413,PRIORY SURGERY,2
414,THE GROVE MEDICAL CENTRE,2
415,ADULT COMMUNITY NURSING,2
416,THE FAMILY PRACTICE,2
417,ABBEY ROAD SURGERY,2
418,GROVELANDS MEDICAL CENTRE,2
419,MOAT HOUSE SURGERY,2
420,HILLVIEW MEDICAL CENTRE,2
421,CHURCH STREET PRACTICE,2
422,NORWOOD MEDICAL CENTRE,2
423,DALTON SURGERY,2
424,ST.MARY'S SURGERY,2
425,PALLIATIVE CARE,2
426,THE CROFT SURGERY,2
427,THE LAKES MEDICAL PRACTICE,2
428,MANSION HOUSE SURGERY,2
429,WELLS HEALTH CENTRE,2
430,WINDMILL SURGERY,2
431,MARKET CROSS SURGERY,2
432,GROVE ROAD SURGERY,2
433,WESTBURY MEDICAL CENTRE,2
434,ADELAIDE MEDICAL CENTRE,2
435,THE VILLAGE PRACTICE,2
436,THE MEDICAL CENTRE,2
437,CITY ROAD MEDICAL CENTRE,2
438,OAKWOOD MEDICAL CENTRE,2
439,NEWTON MEDICAL CENTRE,2
440,BELGRAVE MEDICAL CENTRE,2
441,CROWN STREET SURGERY,2
442,THE RIDGEWAY SURGERY,2
443,HAMPTON MEDICAL CENTRE,2
444,THE FOREST PRACTICE,2
445,HANDSWORTH MEDICAL PRACTICE,2
446,THE MANOR PRACTICE,2
447,MAYFIELD SURGERY,2
448,PARKVIEW SURGERY,2
449,THE OLD SCHOOL SURGERY,2
450,THE WELLSPRING SURGERY,2
451,BELGRAVE MEDICAL CENTRE,2
452,RIVERSIDE MEDICAL CENTRE,2
453,WEST VIEW SURGERY,2
454,DAWN CLINIC,2
455,WILLOW TREE SURGERY,2
456,BELMONT MEDICAL CENTRE,2
457,BALDWINS LANE SURGERY,2
458,THE PARK SURGERY,2
459,CAMHS,2
460,SOUTHEND TREATMENT AND RECOVERY SERVICE,2
461,RIVERSDALE SURGERY,2
462,TALBOT MEDICAL CENTRE,2
463,UNITY HEALTH,2
464,THE ELMS MEDICAL CENTRE,2
465,PARK MEDICAL PRACTICE,2
466,EATING DISORDERS,2
467,NEW COURT SURGERY,2
468,WALTON MEDICAL CENTRE,2
469,PARK GREEN SURGERY,2
470,ST GEORGES MEDICAL CENTRE,2
471,ASHVILLE SURGERY,2
472,THE PARK MEDICAL CENTRE,2
473,MANOR MEDICAL PRACTICE,2
474,THE JUNCTION SURGERY,2
475,FAMILY SURGERY,2
476,CROFT MEDICAL CENTRE,2
477,HOLLAND PARK SURGERY,2
478,NORTHGATE MEDICAL CENTRE,2
479,ASHFIELD MEDICAL CENTRE,2
480,THE CEDARS SURGERY,2
481,THE AVENUE MEDICAL CENTRE,2
482,BRIDGE STREET SURGERY,2
483,MARKET SURGERY,2
484,PRIMROSE SURGERY,2
485,HEART FAILURE COMMUNITY SERVICE,2
486,WELLINGTON ROAD SURGERY,2
487,GREENFIELD MEDICAL CENTRE,2
488,BEECHWOOD MEDICAL CENTRE,2
489,BROMPTON MEDICAL CENTRE,2
490,PARK VIEW MEDICAL CENTRE,2
491,INTEGRATED RESPIRATORY SERVICE,2
492,FIRSTCARE PRACTICE,2
493,THE OAKS MEDICAL CENTRE,2
494,CITY HEALTH CENTRE,2
495,INTERMEDIATE CARE,2
496,FAIRFIELD MEDICAL CENTRE,2
497,JUBILEE MEDICAL CENTRE,2
498,NEWBRIDGE SURGERY,2
499,UNIVERSITY MEDICAL CENTRE,2
500,WESTFIELD SURGERY,2
501,QUEENS PARK HEALTH CENTRE,2
502,HAZELDENE MEDICAL CENTRE,2
503,COMMUNITY PAEDIATRICIANS,2
504,HIGH STREET MEDICAL CENTRE,2
505,QUAYSIDE MEDICAL PRACTICE,2
506,MANCHESTER ROAD SURGERY,2
507,CHURCH ROAD SURGERY,2
508,LINKS MEDICAL PRACTICE,2
509,CLARENDON MEDICAL CENTRE,2
510,OAKWOOD SURGERY,2
511,LAUREL BANK SURGERY,2
512,CONWAY MEDICAL CENTRE,2
513,UNIVERSITY HEALTH CENTRE,2
514,COMMUNITY RESPIRATORY SERVICE,2
515,URGENT CARE CENTRE,2
516,QUEEN'S MEDICAL CENTRE,2
517,DERMATOLOGY SERVICE,2
518,YORK ROAD SURGERY,2
519,THE BIRCHES MEDICAL CENTRE,2
520,GROVE MEDICAL PRACTICE,2
521,FAIRFIELD SURGERY,2
522,THE WELLSPRING SURGERY,2
523,WESTFIELD SURGERY,2
524,QUEENS PARK HEALTH CENTRE,2
525,PRIORY SURGERY,2
526,THE FAMILY PRACTICE,2
527,THE OLD SCHOOL SURGERY,2
528,WELLINGTON ROAD SURGERY,2
529,NEW ROAD SURGERY,2
530,KINGS MEDICAL CENTRE,2
531,OLD FIRE STATION SURGERY,2
532,KING STREET MEDICAL CENTRE,2
533,COMMUNITY SERVICES,2
534,ADELAIDE STREET SURGERY,2
535,GREENGATE MEDICAL CENTRE,2
536,GLADSTONE HOUSE SURGERY,2
537,NEWBRIDGE SURGERY,2
538,UNIVERSITY MEDICAL CENTRE,2
539,JUBILEE MEDICAL CENTRE,2
540,FAIRFIELD MEDICAL CENTRE,2
541,GREENFIELD MEDICAL CENTRE,2
542,CITY HEALTH CENTRE,2
543,FIRSTCARE PRACTICE,2
544,THE OAKS MEDICAL CENTRE,2
545,PARK VIEW MEDICAL CENTRE,2
546,BROMPTON MEDICAL CENTRE,2
547,BEECHWOOD MEDICAL CENTRE,2
548,COMMUNITY PAEDIATRICIANS,2
549,HAZELDENE MEDICAL CENTRE,2
550,HIGH STREET MEDICAL CENTRE,2
551,QUAYSIDE MEDICAL PRACTICE,2
552,MANCHESTER ROAD SURGERY,2
553,LINKS MEDICAL PRACTICE,2
554,WESTBOURNE MEDICAL CENTRE,2
555,ELM TREE SURGERY,2
556,THE MEADOWS SURGERY,2
557,MAYFIELD SURGERY,2
558,ST.JAMES SURGERY,2
559,THE GROVE MEDICAL CENTRE,2
560,ADULT COMMUNITY NURSING,2
561,COMMUNITY HEART FAILURE TEAM,2
562,TRINITY HOSPICE,2
563,PARKVIEW SURGERY,2
564,THE MANOR PRACTICE,2
565,SPRINGFIELD MEDICAL CENTRE,2
566,THE RIDGEWAY SURGERY,2
567,HAMPTON MEDICAL CENTRE,2
568,HANDSWORTH MEDICAL PRACTICE,2
569,THE FOREST PRACTICE,2
570,NEWTON MEDICAL CENTRE,2
571,CROWN STREET SURGERY,2
572,PRACTICE PLUS GROUP OOH,2
573,MILL ROAD SURGERY,2
574,GREEN LANE SURGERY,2
575,CENTRAL PARK SURGERY,2
576,SOUTHEND TREATMENT AND RECOVERY SERVICE,2
577,BEECHWOOD SURGERY,2
578,CHAPEL STREET SURGERY,2
579,OAKLANDS SURGERY,2
580,MAYFIELD MEDICAL CENTRE,2
581,QUEEN'S MEDICAL CENTRE,2
582,MINOR INJURIES UNIT,2
583,CORNERWAYS SURGERY,2
584,WOODLANDS HEALTH CENTRE,2
585,ST PETER'S SURGERY,2
586,WESTGATE SURGERY,2
587,RIVERSIDE MEDICAL PRACTICE,2
588,OAKLANDS HEALTH CENTRE,2
589,CHURCH ROAD SURGERY,2
590,CLARENDON MEDICAL CENTRE,2
591,OAKWOOD SURGERY,2
592,ST LUKE'S HOSPICE,2
593,LINCOLN HOUSE SURGERY,2
594,HOLLIES MEDICAL CENTRE,2
595,ST MICHAELS HOSPICE,2
596,PINFOLD MEDICAL PRACTICE,2
597,COMMUNITY HEART FAILURE TEAM,2
598,COMMUNITY GERIATRICIAN SERVICE,2
599,HEALTH VISITORS,2
600,LAUREL BANK SURGERY,2
601,NEW HALL HOSPITAL,2
602,BRIDGE STREET SURGERY,2
603,MARKET SURGERY,2
604,THE AVENUE MEDICAL CENTRE,2
605,THE CEDARS SURGERY,2
606,ASHFIELD MEDICAL CENTRE,2
607,WOODSIDE MEDICAL CENTRE,2
608,QUEENSWAY MEDICAL CENTRE,2
609,PARKGATE SURGERY,2
610,SANDY LANE SURGERY,2
611,THE PARK MEDICAL PRACTICE,2
612,ST THOMAS ROAD SURGERY,2
613,LISTER HOUSE SURGERY,2
614,PARKSIDE SURGERY,2
615,MANOR HOUSE SURGERY,2
616,PARKFIELD MEDICAL CENTRE,2
617,SPA MEDICAL CENTRE,2
618,WATERSIDE MEDICAL CENTRE,2
619,THE GROVE MEDICAL PRACTICE,2
620,CORNERWAYS MEDICAL CENTRE,2
621,THE ELMS PRACTICE,2
622,WEST END SURGERY,2
623,MELROSE SURGERY,2
624,NORTHGATE MEDICAL CENTRE,2
625,HOLLAND PARK SURGERY,2
626,CROFT MEDICAL CENTRE,2
627,RIVERSIDE MEDICAL CENTRE,2
628,CONWAY MEDICAL CENTRE,2
629,UNIVERSITY HEALTH CENTRE,2
630,HEART FAILURE COMMUNITY SERVICE,2
631,EATING DISORDERS,2
632,INTERMEDIATE CARE,2
633,DERMATOLOGY SERVICE,2
634,UNITY HEALTH,2
635,COMMUNITY RESPIRATORY SERVICE,2
636,YORK ROAD SURGERY,2
637,PRIMROSE SURGERY,2
638,PARK MEDICAL PRACTICE,2
639,THE ELMS MEDICAL CENTRE,2
640,RIVERSDALE SURGERY,2
641,TALBOT MEDICAL CENTRE,2
642,CAMHS,2
643,FAMILY SURGERY,2
644,THE PARK SURGERY,2
645,BALDWINS LANE SURGERY,2
646,BELMONT MEDICAL CENTRE,2
647,WILLOW TREE SURGERY,2
648,WEST VIEW SURGERY,2
649,NEW COURT SURGERY,2
650,DAWN CLINIC,2
651,WALTON MEDICAL CENTRE,2
652,PARK GREEN SURGERY,2
653,ST GEORGES MEDICAL CENTRE,2
654,ASHVILLE SURGERY,2
655,THE PARK MEDICAL CENTRE,2
656,MANOR MEDICAL PRACTICE,2
657,THE JUNCTION SURGERY,2
658,ST.MARY'S SURGERY,2
