regional_office_name,chemical_substance_bnf_descr,quantity
NORTH WEST,Enteral nutrition,1055098642.0
NORTH WEST,Emollients,143134463.0
NORTH WEST,Other emollient preparations,120987825.0
NORTH WEST,Other food for special diet preparations,107179791.0
NORTH WEST,Alginic acid compound preparations,92931253.0
NORTH WEST,Paracetamol,89740089.0
NORTH WEST,Co-codamol (Codeine phosphate/paracetamol),83524537.0
NORTH WEST,Metformin hydrochloride,68351685.0
NORTH WEST,Atorvastatin,62030694.0
NORTH WEST,Lactulose,59588764.0
NORTH EAST AND YORKSHIRE,Enteral nutrition,941482665.0
NORTH EAST AND YORKSHIRE,Emollients,188788640.0
NORTH EAST AND YORKSHIRE,Other food for special diet preparations,143862550.0
NORTH EAST AND YORKSHIRE,Paracetamol,139707385.0
NORTH EAST AND YORKSHIRE,Alginic acid compound preparations,130952958.0
NORTH EAST AND YORKSHIRE,Other emollient preparations,104305135.0
NORTH EAST AND YORKSHIRE,Metformin hydrochloride,82084337.0
NORTH EAST AND YORKSHIRE,Atorvastatin,80131541.0
NORTH EAST AND YORKSHIRE,Methadone hydrochloride,72665831.0
NORTH EAST AND YORKSHIRE,Co-codamol (Codeine phosphate/paracetamol),66663006.0
UNIDENTIFIED,Enteral nutrition,2975783.0
UNIDENTIFIED,Methadone hydrochloride,663788.0
UNIDENTIFIED,Other food for special diet preparations,460149.0
UNIDENTIFIED,Emollients,422382.0
UNIDENTIFIED,Other emollient preparations,208077.0
UNIDENTIFIED,Phenoxymethylpenicillin (Penicillin V),202884.0
UNIDENTIFIED,Amoxicillin,181199.0
UNIDENTIFIED,Catheters,139255.0
UNIDENTIFIED,Co-codamol (Codeine phosphate/paracetamol),129712.0
UNIDENTIFIED,Flucloxacillin sodium,123664.0
LONDON,Enteral nutrition,875533545.0
LONDON,Emollients,214746736.0
LONDON,Other emollient preparations,98171341.0
LONDON,Metformin hydrochloride,95589137.0
LONDON,Other food for special diet preparations,81133661.0
LONDON,Atorvastatin,61175899.0
LONDON,Methadone hydrochloride,53113227.0
LONDON,Alginic acid compound preparations,50654391.0
LONDON,Paracetamol,48240084.0
LONDON,Amlodipine,44250126.0
EAST OF ENGLAND,Enteral nutrition,578635841.0
EAST OF ENGLAND,Emollients,122855259.0
EAST OF ENGLAND,Other food for special diet preparations,76216218.0
EAST OF ENGLAND,Metformin hydrochloride,58742292.0
EAST OF ENGLAND,Paracetamol,57866953.0
EAST OF ENGLAND,Atorvastatin,52753911.0
EAST OF ENGLAND,Other emollient preparations,52081761.0
EAST OF ENGLAND,Co-codamol (Codeine phosphate/paracetamol),46123445.0
EAST OF ENGLAND,Alginic acid compound preparations,40087461.0
EAST OF ENGLAND,Lactulose,38650468.0
SOUTH WEST,Enteral nutrition,356350917.0
SOUTH WEST,Emollients,122139066.0
SOUTH WEST,Paracetamol,77926521.0
SOUTH WEST,Other food for special diet preparations,52924222.5
SOUTH WEST,Omeprazole,47564226.0
SOUTH WEST,Other emollient preparations,47540074.0
SOUTH WEST,Atorvastatin,46872627.0
SOUTH WEST,Alginic acid compound preparations,45800778.0
SOUTH WEST,Metformin hydrochloride,45624150.0
SOUTH WEST,Co-codamol (Codeine phosphate/paracetamol),39488782.0
MIDLANDS,Enteral nutrition,1246822669.0
MIDLANDS,Emollients,250923773.0
MIDLANDS,Other food for special diet preparations,176251151.0
MIDLANDS,Other emollient preparations,137171780.0
MIDLANDS,Paracetamol,136419602.0
MIDLANDS,Metformin hydrochloride,108436737.0
MIDLANDS,Alginic acid compound preparations,105684657.0
MIDLANDS,Co-codamol (Codeine phosphate/paracetamol),101086983.0
MIDLANDS,Atorvastatin,90793382.0
MIDLANDS,Lactulose,80069374.0
SOUTH EAST,Enteral nutrition,792538103.0
SOUTH EAST,Emollients,166478485.0
SOUTH EAST,Other food for special diet preparations,119338166.0
SOUTH EAST,Methadone hydrochloride,104296689.0
SOUTH EAST,Paracetamol,79343246.0
SOUTH EAST,Other emollient preparations,76079597.0
SOUTH EAST,Metformin hydrochloride,75414566.0
SOUTH EAST,Atorvastatin,65459579.0
SOUTH EAST,Omeprazole,58081187.0
SOUTH EAST,Co-codamol (Codeine phosphate/paracetamol),57562696.0
