,practice_name,regqt
0,UNIDENTIFIED DOCTORS,8
1,VILLAGE SURGERY,7
2,HIGH STREET SURGERY,6
3,RIVERSIDE SURGERY,5
4,TRINITY MEDICAL CENTRE,5
5,CENTRAL SURGERY,5
6,WOODLANDS SURGERY,4
7,PARK LANE SURGERY,4
8,ORCHARD SURGERY,4
9,BIRCHWOOD MEDICAL PRACTICE,4
10,COMMUNITY DERMATOLOGY SERVICE,4
11,COMMUNITY ENT SERVICE,4
12,PARK MEDICAL CENTRE,4
13,KINGSWAY SURGERY,4
14,THE VILLAGE SURGERY,4
15,HIGHFIELD SURGERY,4
16,URGENT TREATMENT CENTRE,3
17,STATION ROAD SURGERY,3
18,CHURCH LANE SURGERY,3
19,LIME TREE SURGERY,3
20,ORCHARD MEDICAL PRACTICE,3
21,THE LIMES MEDICAL CENTRE,3
22,CENTRAL MEDICAL CENTRE,3
23,COMMUNITY DIABETES SERVICE,3
24,THE VILLAGE MEDICAL CENTRE,3
25,PARKSIDE MEDICAL CENTRE,3
26,PRIORY MEDICAL CENTRE,3
27,THE NEW SURGERY,3
28,OAKFIELD SURGERY,3
29,ADULT ADHD SERVICE,3
30,WHITE HOUSE SURGERY,3
31,THE GRANGE MEDICAL CENTRE,3
32,MANOR ROAD SURGERY,3
33,THE AVENUE SURGERY,3
34,KINGSWOOD SURGERY,3
35,RICHMOND MEDICAL CENTRE,3
36,VICTORIA MEDICAL CENTRE,3
37,ST ALBANS MEDICAL CENTRE,3
38,PARK VIEW SURGERY,3
39,THE SURGERY,3
40,CHURCH VIEW SURGERY,3
41,WOODLANDS MEDICAL PRACTICE,3
42,GROVE SURGERY,3
43,GROVE MEDICAL CENTRE,3
44,ABBEY MEDICAL CENTRE,3
45,ST MARY'S SURGERY,3
46,ASHCROFT SURGERY,3
47,BROADWAY MEDICAL CENTRE,3
48,QUEENS ROAD SURGERY,3
49,PALLIATIVE CARE SERVICE,3
50,SPRINGFIELD SURGERY,3
51,VICTORIA ROAD SURGERY,3
52,PARK SURGERY,3
53,HILLCREST SURGERY,3
54,ST ANDREWS MEDICAL CENTRE,3
55,GROVE HOUSE SURGERY,3
56,LINKS MEDICAL PRACTICE,2
57,MANSION HOUSE SURGERY,2
58,GROVE ROAD SURGERY,2
59,COMMUNITY PAEDIATRIC SERVICE,2
60,WOODSIDE MEDICAL CENTRE,2
61,LINCOLN HOUSE SURGERY,2
62,SUBSTANCE MISUSE SERVICE,2
63,CITY HEALTH CENTRE,2
64,KING STREET MEDICAL CENTRE,2
65,COMMUNITY SERVICES,2
66,RIVERSIDE MEDICAL CENTRE,2
67,DALTON SURGERY,2
68,QUAYSIDE MEDICAL PRACTICE,2
69,CHURCH ROAD SURGERY,2
70,THE CROFT SURGERY,2
71,LAUREL BANK SURGERY,2
72,WEST END SURGERY,2
73,PINFOLD MEDICAL PRACTICE,2
74,OAKLANDS SURGERY,2
75,THE AVENUE MEDICAL CENTRE,2
76,NEW HALL HOSPITAL,2
77,FAMILY SURGERY,2
78,THE JUNCTION SURGERY,2
79,YORK ROAD SURGERY,2
80,THE ELMS MEDICAL CENTRE,2
81,JUBILEE MEDICAL CENTRE,2
82,COMMUNITY CARDIOLOGY SERVICE,2
83,PRACTICE PLUS GROUP OOH,2
84,WELLS HEALTH CENTRE,2
85,COMMUNITY HEART FAILURE TEAM,2
86,GREEN LANE SURGERY,2
87,HILLVIEW MEDICAL CENTRE,2
88,TEES VALLEY HOSPITAL,2
89,UNIVERSITY HEALTH CENTRE,2
90,CORNERWAYS SURGERY,2
91,PARK GREEN SURGERY,2
92,THE RIDGEWAY SURGERY,2
93,ST PETER'S SURGERY,2
94,HIGH STREET MEDICAL CENTRE,2
95,MAYFIELD SURGERY,2
96,MOAT HOUSE SURGERY,2
97,THE FOREST PRACTICE,2
98,FIRSTCARE PRACTICE,2
99,WILLOW TREE SURGERY,2
100,LISTER HOUSE SURGERY,2
101,NORTHGATE MEDICAL CENTRE,2
102,COMMUNITY DIABETES CLINIC,2
103,DAWN CLINIC,2
104,ELM TREE SURGERY,2
105,MELROSE SURGERY,2
106,WATERSIDE MEDICAL CENTRE,2
107,ST.MARY'S SURGERY,2
108,ST MICHAELS HOSPICE,2
109,MARKET CROSS SURGERY,2
110,WELLINGTON ROAD SURGERY,2
111,SANDY LANE SURGERY,2
112,THE MEDICAL CENTRE,2
113,WESTBURY MEDICAL CENTRE,2
114,CITY ROAD MEDICAL CENTRE,2
115,THE MANOR PRACTICE,2
116,SPRINGFIELD MEDICAL CENTRE,2
117,HEALTH VISITORS,2
118,WALTON MEDICAL CENTRE,2
119,SPA MEDICAL CENTRE,2
120,THE CEDARS SURGERY,2
121,KINGS MEDICAL CENTRE,2
122,NEW ROAD SURGERY,2
123,BRIDGE STREET SURGERY,2
124,THE ELMS PRACTICE,2
125,CAMHS,2
126,ASHFIELD MEDICAL CENTRE,2
127,GREENGATE MEDICAL CENTRE,2
128,FAIRFIELD SURGERY,2
129,RIVERSDALE SURGERY,2
130,INTERMEDIATE CARE,2
131,ST GEORGES MEDICAL CENTRE,2
132,ADELAIDE STREET SURGERY,2
133,THE FAMILY PRACTICE,2
134,OLD FIRE STATION SURGERY,2
135,THE PARK SURGERY,2
136,CROWN STREET SURGERY,2
137,QUEENS PARK HEALTH CENTRE,2
138,TISSUE VIABILITY,2
139,GLADSTONE HOUSE SURGERY,2
140,ST THOMAS ROAD SURGERY,2
141,GROVELANDS MEDICAL CENTRE,2
142,OAKWOOD MEDICAL CENTRE,2
143,ADELAIDE MEDICAL CENTRE,2
144,BALDWINS LANE SURGERY,2
145,PARKFIELD MEDICAL CENTRE,2
146,CROFT MEDICAL CENTRE,2
147,URGENT CARE CENTRE,2
148,CORNERWAYS MEDICAL CENTRE,2
149,FAIRFIELD MEDICAL CENTRE,2
150,TRINITY HOSPICE,2
151,NEWBRIDGE SURGERY,2
152,THE OLD SCHOOL SURGERY,2
153,BELMONT MEDICAL CENTRE,2
154,WINDMILL SURGERY,2
155,BEECHWOOD SURGERY,2
156,COMMUNITY PAEDIATRICIANS,2
157,HOLLAND PARK SURGERY,2
158,QUEEN'S MEDICAL CENTRE,2
159,THE GROVE MEDICAL CENTRE,2
160,CHAPEL STREET SURGERY,2
161,PARK MEDICAL PRACTICE,2
162,THE MEADOWS SURGERY,2
163,HEART FAILURE COMMUNITY SERVICE,2
164,BEECHWOOD MEDICAL CENTRE,2
165,WESTGATE SURGERY,2
166,CHURCH STREET PRACTICE,2
167,PARK VIEW MEDICAL CENTRE,2
168,BROMPTON MEDICAL CENTRE,2
169,OAKLANDS HEALTH CENTRE,2
170,HANDSWORTH MEDICAL PRACTICE,2
171,MILL ROAD SURGERY,2
172,HAMPTON MEDICAL CENTRE,2
173,THE BIRCHES MEDICAL CENTRE,2
174,CLARENDON MEDICAL CENTRE,2
175,GROVE MEDICAL PRACTICE,2
176,NEW COURT SURGERY,2
177,THE OAKS MEDICAL CENTRE,2
178,THE WELLSPRING SURGERY,2
179,UNITY HEALTH,2
180,PRIMROSE SURGERY,2
181,MAYFIELD MEDICAL CENTRE,2
182,HAZELDENE MEDICAL CENTRE,2
183,ASHVILLE SURGERY,2
184,BELGRAVE MEDICAL CENTRE,2
185,THE PARK MEDICAL PRACTICE,2
186,PARKSIDE SURGERY,2
187,GREENFIELD MEDICAL CENTRE,2
188,THE PARK MEDICAL CENTRE,2
189,HOLLIES MEDICAL CENTRE,2
190,NEWTON MEDICAL CENTRE,2
191,MINOR INJURIES UNIT,2
192,EATING DISORDERS,2
193,ADULT COMMUNITY NURSING,2
194,UNIVERSITY MEDICAL CENTRE,2
195,PARK LANE PRACTICE,2
196,ST.JAMES SURGERY,2
197,CONWAY MEDICAL CENTRE,2
198,PRIORY SURGERY,2
199,MANOR MEDICAL PRACTICE,2
200,WOODLANDS HEALTH CENTRE,2
201,PARKVIEW SURGERY,2
202,PALLIATIVE CARE,2
203,THE VILLAGE PRACTICE,2
204,QUEENSWAY MEDICAL CENTRE,2
205,PARKGATE SURGERY,2
206,ABBEY ROAD SURGERY,2
207,CENTRAL PARK SURGERY,2
208,THE LAKES MEDICAL PRACTICE,2
209,WEST VIEW SURGERY,2
210,TALBOT MEDICAL CENTRE,2
211,DERMATOLOGY SERVICE,2
212,MANCHESTER ROAD SURGERY,2
213,WESTFIELD SURGERY,2
214,SOUTHEND TREATMENT AND RECOVERY SERVICE,2
215,WESTBOURNE MEDICAL CENTRE,2
216,OAKWOOD SURGERY,2
217,RIVERSIDE MEDICAL PRACTICE,2
218,THE GROVE MEDICAL PRACTICE,2
219,MARKET SURGERY,2
220,NORWOOD MEDICAL CENTRE,2
221,COMMUNITY RESPIRATORY SERVICE,2
