,regional_office_name,chemical_substance_bnf_descr,quantity
0,EAST OF ENGLAND,Enteral nutrition,204062180.0
1,EAST OF ENGLAND,Emollients,39584968.0
2,EAST OF ENGLAND,Other food for special diet preparations,25139729.0
3,EAST OF ENGLAND,Metformin hydrochloride,19865835.0
4,EAST OF ENGLAND,Paracetamol,19459784.0
5,EAST OF ENGLAND,Atorvastatin,18177977.0
6,EAST OF ENGLAND,Other emollient preparations,16755780.0
7,EAST OF ENGLAND,Co-codamol (Codeine phosphate/paracetamol),15464052.0
8,EAST OF ENGLAND,Alginic acid compound preparations,13341929.0
9,EAST OF ENGLAND,Levothyroxine sodium,13008007.0
10,EAST OF ENGLAND,Other food preparations,12974305.0
11,EAST OF ENGLAND,Omeprazole,12960683.0
12,EAST OF ENGLAND,Lactulose,12799188.0
13,EAST OF ENGLAND,Amlodipine,11663411.0
14,EAST OF ENGLAND,Lansoprazole,10317738.0
15,LONDON,Enteral nutrition,299867575.0
16,LONDON,Emollients,67532130.0
17,LONDON,Metformin hydrochloride,31939820.0
18,LONDON,Other emollient preparations,30713300.0
19,LONDON,Other food for special diet preparations,26065504.0
20,LONDON,Atorvastatin,20664779.0
21,LONDON,Methadone hydrochloride,18731440.0
22,LONDON,Alginic acid compound preparations,16610425.0
23,LONDON,Paracetamol,16037825.0
24,LONDON,Amlodipine,14707606.0
25,LONDON,Lactulose,14276202.0
26,LONDON,Levothyroxine sodium,12695262.0
27,LONDON,Colecalciferol,12571040.0
28,LONDON,Other food preparations,12383482.5
29,LONDON,Omeprazole,12238094.0
30,NORTH EAST AND YORKSHIRE,Enteral nutrition,329387684.0
31,NORTH EAST AND YORKSHIRE,Emollients,61024081.0
32,NORTH EAST AND YORKSHIRE,Other food for special diet preparations,48413216.0
33,NORTH EAST AND YORKSHIRE,Paracetamol,47304308.0
34,NORTH EAST AND YORKSHIRE,Alginic acid compound preparations,44613690.0
35,NORTH EAST AND YORKSHIRE,Other emollient preparations,33722981.0
36,NORTH EAST AND YORKSHIRE,Metformin hydrochloride,27841133.0
37,NORTH EAST AND YORKSHIRE,Atorvastatin,27653008.0
38,NORTH EAST AND YORKSHIRE,Methadone hydrochloride,25024931.0
39,NORTH EAST AND YORKSHIRE,Co-codamol (Codeine phosphate/paracetamol),22201870.0
40,NORTH EAST AND YORKSHIRE,Lansoprazole,22064600.0
41,NORTH EAST AND YORKSHIRE,Lactulose,18100274.0
42,NORTH EAST AND YORKSHIRE,Colecalciferol,17406398.0
43,NORTH EAST AND YORKSHIRE,Levothyroxine sodium,16837812.0
44,NORTH EAST AND YORKSHIRE,Amlodipine,15847066.0
45,UNIDENTIFIED,Enteral nutrition,1301894.0
46,UNIDENTIFIED,Methadone hydrochloride,136672.0
47,UNIDENTIFIED,Other food for special diet preparations,135920.0
48,UNIDENTIFIED,Emollients,127106.0
49,UNIDENTIFIED,Other emollient preparations,72725.0
50,UNIDENTIFIED,Catheters,71804.0
51,UNIDENTIFIED,Catheter Maintenance Products,56280.0
52,UNIDENTIFIED,Co-codamol (Codeine phosphate/paracetamol),45975.0
53,UNIDENTIFIED,Phenoxymethylpenicillin (Penicillin V),40100.0
54,UNIDENTIFIED,Paracetamol,38918.0
55,UNIDENTIFIED,Amoxicillin,33659.0
56,UNIDENTIFIED,Night Drainage Bags,31345.0
57,UNIDENTIFIED,Other food preparations,31200.0
58,UNIDENTIFIED,Alginic acid compound preparations,29750.0
59,UNIDENTIFIED,Flucloxacillin sodium,29094.0
60,MIDLANDS,Enteral nutrition,437833818.0
61,MIDLANDS,Emollients,82086180.0
62,MIDLANDS,Other food for special diet preparations,59438147.0
63,MIDLANDS,Paracetamol,46349303.0
64,MIDLANDS,Other emollient preparations,44830396.0
65,MIDLANDS,Metformin hydrochloride,37628280.0
66,MIDLANDS,Alginic acid compound preparations,36864704.0
67,MIDLANDS,Co-codamol (Codeine phosphate/paracetamol),34515076.0
68,MIDLANDS,Atorvastatin,31944703.0
69,MIDLANDS,Lactulose,27231890.0
70,MIDLANDS,Omeprazole,21303043.0
71,MIDLANDS,Ramipril,20545533.0
72,MIDLANDS,Amlodipine,20213659.0
73,MIDLANDS,Colecalciferol,20035294.5
74,MIDLANDS,Levothyroxine sodium,19533471.0
75,NORTH WEST,Enteral nutrition,363718373.0
76,NORTH WEST,Emollients,46599798.0
77,NORTH WEST,Other emollient preparations,39388564.0
78,NORTH WEST,Other food for special diet preparations,34194967.0
79,NORTH WEST,Alginic acid compound preparations,31821385.0
80,NORTH WEST,Paracetamol,29801136.0
81,NORTH WEST,Co-codamol (Codeine phosphate/paracetamol),27986049.0
82,NORTH WEST,Metformin hydrochloride,23208413.0
83,NORTH WEST,Atorvastatin,21319054.0
84,NORTH WEST,Lactulose,20005426.0
85,NORTH WEST,Omeprazole,18510755.0
86,NORTH WEST,Other food preparations,18259375.5
87,NORTH WEST,Colecalciferol,13654368.8
88,NORTH WEST,Amlodipine,12655665.0
89,NORTH WEST,Ramipril,12515664.0
90,SOUTH EAST,Enteral nutrition,280544050.0
91,SOUTH EAST,Emollients,53849485.0
92,SOUTH EAST,Other food for special diet preparations,37480585.0
93,SOUTH EAST,Methadone hydrochloride,35948120.0
94,SOUTH EAST,Paracetamol,26847869.0
95,SOUTH EAST,Metformin hydrochloride,25602126.0
96,SOUTH EAST,Other emollient preparations,24241115.0
97,SOUTH EAST,Atorvastatin,22574318.0
98,SOUTH EAST,Omeprazole,19594510.0
99,SOUTH EAST,Co-codamol (Codeine phosphate/paracetamol),19209282.0
100,SOUTH EAST,Alginic acid compound preparations,17878234.0
101,SOUTH EAST,Colecalciferol,17621399.5
102,SOUTH EAST,Levothyroxine sodium,16874092.0
103,SOUTH EAST,Lactulose,15901880.0
104,SOUTH EAST,Amlodipine,15036524.0
105,SOUTH WEST,Enteral nutrition,123758043.0
106,SOUTH WEST,Emollients,40549683.0
107,SOUTH WEST,Paracetamol,26672560.0
108,SOUTH WEST,Other food for special diet preparations,17182534.0
109,SOUTH WEST,Atorvastatin,16319895.0
110,SOUTH WEST,Omeprazole,16148853.0
111,SOUTH WEST,Other emollient preparations,15679549.0
112,SOUTH WEST,Alginic acid compound preparations,15628921.0
113,SOUTH WEST,Metformin hydrochloride,15584521.0
114,SOUTH WEST,Co-codamol (Codeine phosphate/paracetamol),13276200.0
115,SOUTH WEST,Levothyroxine sodium,11096804.0
116,SOUTH WEST,Ramipril,9986872.0
117,SOUTH WEST,Colecalciferol,9959778.3
118,SOUTH WEST,Amlodipine,9873768.0
119,SOUTH WEST,Lactulose,8791851.0
